signal_time,signal_type,execution_status,rejection_reason,entry_time,exit_time,trade_type,entry_price,exit_price,profit_points,exit_reason,ema_cross,strong_body,wick_condition,session_condition
2026-02-27 09:21:00+05:30,LONG,EXECUTED,,2026-02-27 09:24:00+05:30,2026-02-27 09:27:00+05:30,LONG,25411.15,25395.55,-15.6,SL,True,True,True,True
2026-02-27 10:39:00+05:30,SHORT,EXECUTED,,2026-02-27 10:42:00+05:30,2026-02-27 11:06:00+05:30,SHORT,25318.2,25324.5,-6.3,SL,True,True,True,True
2026-02-27 11:18:00+05:30,SHORT,EXECUTED,,2026-02-27 11:21:00+05:30,2026-02-27 11:33:00+05:30,SHORT,25325.0,25293.9,31.1,TP,True,True,True,True
2026-02-27 11:57:00+05:30,LONG,EXECUTED,,2026-02-27 12:00:00+05:30,2026-02-27 12:09:00+05:30,LONG,25313.4,25292.65,-20.75,SL,True,True,True,True
2026-02-27 13:27:00+05:30,LONG,EXECUTED,,2026-02-27 13:30:00+05:30,2026-02-27 13:39:00+05:30,LONG,25300.2,25295.8,-4.4,SL,True,True,True,True
2026-02-27 14:24:00+05:30,SHORT,REJECTED,max_trades_per_day_reached,,,SHORT,,,0.0,,True,True,True,True
2026-02-27 14:27:00+05:30,SHORT,REJECTED,max_trades_per_day_reached,,,SHORT,,,0.0,,True,True,True,True
2026-02-27 14:39:00+05:30,SHORT,REJECTED,max_trades_per_day_reached,,,SHORT,,,0.0,,True,True,True,True
2026-03-04 10:39:00+05:30,SHORT,EXECUTED,,2026-03-04 10:42:00+05:30,2026-03-04 10:48:00+05:30,SHORT,24388.95,24413.55,-24.6,SL,True,True,True,True
2026-03-04 11:24:00+05:30,SHORT,EXECUTED,,2026-03-04 11:27:00+05:30,2026-03-04 11:33:00+05:30,SHORT,24387.25,24356.35,30.9,TP,True,True,True,True
2026-03-04 12:06:00+05:30,LONG,EXECUTED,,2026-03-04 12:09:00+05:30,2026-03-04 12:18:00+05:30,LONG,24390.2,24376.3,-13.9,SL,True,True,True,True
2026-03-04 13:54:00+05:30,SHORT,EXECUTED,,2026-03-04 13:57:00+05:30,2026-03-04 14:00:00+05:30,SHORT,24419.0,24437.9,-18.9,SL,True,True,True,True
2026-03-04 15:03:00+05:30,SHORT,EXECUTED,,2026-03-04 15:06:00+05:30,2026-03-04 15:09:00+05:30,SHORT,24506.2,24482.65,23.55,TP,True,True,True,True
2026-03-04 15:18:00+05:30,SHORT,REJECTED,max_trades_per_day_reached,,,SHORT,,,0.0,,True,True,True,True
2026-03-05 10:39:00+05:30,LONG,EXECUTED,,2026-03-05 10:42:00+05:30,2026-03-05 10:57:00+05:30,LONG,24632.1,24666.55,34.45,TP,True,True,True,True
2026-03-05 11:42:00+05:30,SHORT,EXECUTED,,2026-03-05 11:45:00+05:30,2026-03-05 11:54:00+05:30,SHORT,24590.75,24560.05,30.7,TP,True,True,True,True
2026-03-05 13:18:00+05:30,SHORT,EXECUTED,,2026-03-05 13:21:00+05:30,2026-03-05 13:24:00+05:30,SHORT,24624.05,24641.85,-17.8,SL,True,True,True,True
2026-03-05 13:27:00+05:30,LONG,EXECUTED,,2026-03-05 13:30:00+05:30,2026-03-05 13:36:00+05:30,LONG,24651.55,24623.3,-28.25,SL,True,True,True,True
2026-03-05 14:27:00+05:30,LONG,EXECUTED,,2026-03-05 14:30:00+05:30,2026-03-05 14:33:00+05:30,LONG,24611.5,24580.75,-30.75,SL,True,True,True,True
2026-03-06 10:15:00+05:30,LONG,EXECUTED,,2026-03-06 10:18:00+05:30,2026-03-06 10:30:00+05:30,LONG,24668.8,24652.35,-16.45,SL,True,True,True,True
2026-03-06 11:12:00+05:30,SHORT,EXECUTED,,2026-03-06 11:15:00+05:30,2026-03-06 11:39:00+05:30,SHORT,24617.4,24629.05,-11.65,SL,True,True,True,True
2026-03-06 11:45:00+05:30,LONG,EXECUTED,,2026-03-06 11:48:00+05:30,2026-03-06 11:54:00+05:30,LONG,24627.6,24619.15,-8.45,SL,True,True,True,True
2026-03-06 11:57:00+05:30,LONG,EXECUTED,,2026-03-06 12:00:00+05:30,2026-03-06 12:03:00+05:30,LONG,24625.85,24611.95,-13.9,SL,True,True,True,True
2026-03-06 13:21:00+05:30,LONG,EXECUTED,,2026-03-06 13:24:00+05:30,2026-03-06 13:33:00+05:30,LONG,24613.55,24590.85,-22.7,SL,True,True,True,True
2026-03-06 14:15:00+05:30,LONG,REJECTED,max_trades_per_day_reached,,,LONG,,,0.0,,True,True,True,True
2026-03-06 14:33:00+05:30,SHORT,REJECTED,max_trades_per_day_reached,,,SHORT,,,0.0,,True,True,True,True
